Business Name,Phone Number,Address,Website,Email
Plumber's Discount Plumbing Rooter Inc,(650) 343-0770,N/A,N/A,N/A
Anderson Plumbing Heating and Air,(619) 648-1674,N/A,N/A,N/A
Champion Restorations  LLC,(858) 375-4367,N/A,N/A,N/A
Earl Fite W & Sons Inc. Plumbing Repair & Drain Service,(619) 335-9085,N/A,N/A,N/A
Plumber's Discount Plumbing Rooter Inc,(650) 343-0770,4070 Mississippi St,N/A,N/A
"Morey Plumbing, Heating & Cooling Inc",(858) 401-6373,8170 Ronson Road Suite R,https://www.moreyphc.com,N/A
SOS Affordable Rooter Plumbing,(619) 880-4890,3485 Pickwick St,http://www.sosaffordablerooter.com,N/A
Roto-Rooter Plumbing & Water Cleanup,(619) 901-1429,10509 San Diego Mission Rd Ste U,https://www.rotorooter.com/sandiego/,N/A
Leafdale Plumbing,(619) 295-7950,2775 Kurtz St,https://phccsd.wordpress.com/members/contractor-members/c-leafdale-plumbing,N/A
Champion Restorations  LLC,(858) 375-4367,N/A,https://www.champrestorations.com,championrestorations@gmail.com
Anderson Plumbing Heating and Air,(619) 648-1674,1830 John Towers Ave,https://www.andersonplumbingheatingandair.com/?SPPC=Offline&sppccampaignid=594677&utm_source=Scorpion,N/A
Coastal Plumbing Inc.,(844) 659-9008,1228 Keystone Way,https://www.coastalplumbinginc.com,Service@CoastalPlumbingInc.com
Earl Fite W & Sons Inc. Plumbing Repair & Drain Service,(619) 335-9085,8878 La Mesa Blvd,http://www.fiteplumbing.net,N/A
Rapid Plumbing,(619) 821-9015,N/A,http://www.rapidplumbing.net,N/A
Hanna Plumbing & Supply Inc,(760) 407-6127,643 S Santa Fe Ave,https://www.hannaplumbing.com,service@hannaplumbing.com
"Green  Electric Solar Solutions,San Diego",(844) 701-2070,N/A,https://www.electrical-pros.com,N/A
Roto-Rooter Plumbing & Water Cleanup,(858) 667-6420,1102 South Union,https://www.rotorooter.com/elcajonca/,N/A
Roto-Rooter,(442) 286-4774,1342 Industrial Ave,https://www.rotorooter.com/escondidoca/,N/A
Roto-Rooter,(442) 435-0050,2141 Industrial Ct Ste B,https://www.rotorooter.com/vista/,N/A
Roto-Rooter,(760) 997-1793,N/A,https://www.rotorooter.com/elcentroca/,N/A
Hungry Plumber,(619) 920-7377,"San Diego, CA 92119",N/A,N/A
Ritz Plumbing,(323) 935-1255,"San Diego, CA 92102",http://www.ritzplumbing.com,N/A
C & R Drains And Plumbing Inc,(760) 630-9368,"Vista, CA 92083",N/A,N/A
CVB Plumbing,(866) 282-7422,11956 Bernardo Plaza Dr,N/A,N/A
911 Plumbing & Drain Rescue,(858) 414-5800,17333 4S Ranch Pkwy,N/A,N/A
Noel Plumbing Inc,(858) 487-0044,17045 Capilla Pl,N/A,N/A
S.d. Plumbing & Drain Service,(858) 384-6004,4551 Mount La Platta Pl,N/A,N/A
North Park Plumbing & Heating,(619) 692-0922,3963 Alabama St Apt 9,N/A,N/A
Steven King Plumbing Service,(619) 429-5956,1760 Palm Ave,N/A,N/A
Quality Plumbing Systems Inc,(619) 746-6516,4098 Daves Way,http://qualityplumbingsystems.com,emma@qualityplumbingsystems.com
Emergency Plumbing Service,(858) 513-3878,16776 Bernardo Center Dr,N/A,N/A
TanklessPlumber.com,(208) 995-6791,12138 Rancho Bernardo Rd,https://chamber.sdbusinesschamber.com/list/member/tankless-plumber-com-andy-bello-plumbing-san-diego-10196,admin@sdbusinesschamber.com
Sands Plumbing,(858) 486-3952,17772 Creciente Way,https://www.marksandsplumbing.com/contact,SandsPlumbing@aol.com
TLC Plumbing,(619) 667-0234,4569 Mission Gorge Pl,http://www.tlcplumbinginc.com,N/A
